{
  "0A9B4653-B11E-4D6A-850E-C6FCB621626C" : {
    "cameraTransform" : [
      1,
      0,
      0,
      0,
      0,
      0.86602544784545898,
      -0.49999994039535522,
      0,
      0,
      0.49999994039535522,
      0.86602544784545898,
      0,
      0.0035969093441963196,
      0.35542377829551697,
      0.62919163703918457,
      1
    ],
    "objectMetadataList" : [
      [
        "0A9B4653-B11E-4D6A-850E-C6FCB621626C",
        "Root"
      ],
      {
        "isExpanded" : true,
        "isLocked" : false
      }
    ]
  },
  "65F6F990-A780-4474-B78B-572E0E4E273D" : {
    "cameraTransform" : [
      1,
      0,
      0,
      0,
      0,
      0.86602544784545898,
      -0.49999988079071045,
      0,
      0,
      0.49999988079071045,
      0.86602544784545898,
      0,
      1.1972517199865251e-08,
      2.6179132461547852,
      0.43191218376159668,
      1
    ],
    "objectMetadataList" : [
      [
        "65F6F990-A780-4474-B78B-572E0E4E273D",
        "Root"
      ],
      {
        "isExpanded" : true,
        "isLocked" : false
      }
    ]
  },
  "1510F6C7-214D-4800-9C6C-F3964D5FC3E3" : {
    "cameraTransform" : [
      0.99999994039535522,
      0,
      0,
      0,
      0,
      0.86602538824081421,
      -0.49999994039535522,
      0,
      0,
      0.49999994039535522,
      0.86602538824081421,
      0,
      0,
      0.27093535661697388,
      0.46927383542060852,
      1
    ],
    "objectMetadataList" : [
      [
        "1510F6C7-214D-4800-9C6C-F3964D5FC3E3",
        "Root"
      ],
      {
        "isExpanded" : true,
        "isLocked" : false
      }
    ]
  },
  "66168B71-AB05-424E-8B6C-D33D6E61B08F" : {
    "cameraTransform" : [
      1,
      0,
      0,
      0,
      0,
      0.86602538824081421,
      -0.5,
      0,
      0,
      0.5,
      0.86602538824081421,
      0,
      0,
      0.23875366151332855,
      0.41353350877761841,
      1
    ],
    "objectMetadataList" : [
      [
        "66168B71-AB05-424E-8B6C-D33D6E61B08F",
        "Root"
      ],
      {
        "isExpanded" : true,
        "isLocked" : false
      }
    ]
  },
  "AF09ED6F-1707-48FD-8720-65B998362C09" : {
    "cameraTransform" : [
      0.99991250038146973,
      -8.9332446995271653e-10,
      -0.013230289332568645,
      0,
      -0.00867486372590065,
      0.75503706932067871,
      -0.65562474727630615,
      0,
      0.0099893594160676003,
      0.65568208694458008,
      0.7549709677696228,
      0,
      -0.26481252908706665,
      3.4019882678985596,
      2.7893202304840088,
      1
    ],
    "objectMetadataList" : [
      [
        "AF09ED6F-1707-48FD-8720-65B998362C09",
        "Root"
      ],
      {
        "isExpanded" : true,
        "isLocked" : false
      },
      [
        "AF09ED6F-1707-48FD-8720-65B998362C09",
        "Root",
        "Sphere_Right"
      ],
      {
        "isExpanded" : true,
        "isLocked" : false
      },
      [
        "AF09ED6F-1707-48FD-8720-65B998362C09",
        "Root",
        "_PlainMaterial"
      ],
      {
        "isExpanded" : true,
        "isLocked" : false
      },
      [
        "AF09ED6F-1707-48FD-8720-65B998362C09",
        "Root",
        "Sphere_Left"
      ],
      {
        "isExpanded" : true,
        "isLocked" : false
      }
    ]
  },
  "CB766F92-EE55-4A63-9401-E7B8C009764D" : {
    "cameraTransform" : [
      1,
      0,
      0,
      0,
      0,
      0.86602532863616943,
      -0.50000011920928955,
      0,
      0,
      0.50000011920928955,
      0.86602532863616943,
      0,
      0,
      0.27093493938446045,
      0.46927309036254883,
      1
    ],
    "objectMetadataList" : [
      [
        "CB766F92-EE55-4A63-9401-E7B8C009764D",
        "Root"
      ],
      {
        "isExpanded" : true,
        "isLocked" : false
      },
      [
        "CB766F92-EE55-4A63-9401-E7B8C009764D",
        "Root",
        "GridMaterial"
      ],
      {
        "isExpanded" : true,
        "isLocked" : false
      }
    ]
  },
  "D560BB77-AAF3-4BDE-B7C4-989332A4688B" : {
    "cameraTransform" : [
      1,
      0,
      0,
      0,
      0,
      0.86602532863616943,
      -0.50000011920928955,
      0,
      0,
      0.50000011920928955,
      0.86602532863616943,
      0,
      0,
      0.27093493938446045,
      0.46927309036254883,
      1
    ],
    "objectMetadataList" : [

    ]
  },
  "D66134B1-3681-4A8E-AFE5-29F257229F3B" : {
    "cameraTransform" : [
      1,
      0,
      0,
      0,
      0,
      0.70710688829421997,
      -0.70710670948028564,
      0,
      0,
      0.70710670948028564,
      0.70710688829421997,
      0,
      0,
      0.26894822716712952,
      0.26934713125228882,
      1
    ],
    "objectMetadataList" : [
      [
        "D66134B1-3681-4A8E-AFE5-29F257229F3B",
        "Root"
      ],
      {
        "isExpanded" : true,
        "isLocked" : false
      },
      [
        "D66134B1-3681-4A8E-AFE5-29F257229F3B",
        "Root",
        "GridMaterial",
        "GridMaterial"
      ],
      {
        "isExpanded" : true,
        "isLocked" : false
      }
    ]
  }
}